Fecha,Jugador,Cofre
2026-03-02 00:22:19,Boy Name.,Monstruo heroico de nivel 17
2026-03-02 00:22:23,alejandra,-Cripta de nivel 10
2026-03-02 00:22:30,Mared,Cripta de nivel 5
2026-03-02 00:22:35,Boy Name.,Monstruo heroico de nivel 16
2026-03-02 00:22:39,Boy Name.,Monstruo heroico de nivel 16
2026-03-02 00:22:43,alejandra,Cripta de nivel 10
2026-03-02 00:22:47,Boy Name.,Monstruo heroico de nivel 16
2026-03-02 00:22:50,Boy Name.,Monstruo heroico de nivel 17
2026-03-02 00:22:54,Boy Name.,Monstruo heroico de nivel 17
2026-03-02 00:22:58,Moprel,"Cripta de nivel 15,"
2026-03-02 00:23:04,Moprel,-Cripta de nivel 20
2026-03-02 00:23:09,Moprel,-Cripta de nivel 20
2026-03-02 00:23:12,Mared,Ciudadela de nivel 15
2026-03-02 00:23:16,Burilen,-Cripta rara de nivel 20
2026-03-02 00:23:20,Moprel,-Cripta rara de nivel 20
2026-03-02 00:23:23,Moprel,Monstruo heroico de nivel 17
2026-03-02 00:23:27,Boy Name.,-Ciudadela de nivel 10
2026-03-02 00:23:30,Boy Name.,-Ciudadela de nivel 10
2026-03-02 00:23:35,Boy Name.,-Ciudadela de nivel 15
2026-03-02 00:23:39,Boy Name.,-Ciudadela de nivel 15
2026-03-02 00:23:43,Boy Name.,-Ciudadela de nivel 15
2026-03-02 00:23:47,Boy Name.,-Ciudadela de nivel 10
2026-03-02 00:23:50,Burilen,Ciudadela de nivel 20
2026-03-02 00:23:54,Burilen,Monstruo heroico de nivel 17
2026-03-02 00:23:57,Gratius,Cripta de nivel 10
2026-03-02 00:24:02,Mauro,Cripta de nivel 25
2026-03-02 00:24:07,Mauro,Cripta de nivel 25
2026-03-02 00:24:11,Boy Name.,-Ciudadela de nivel 10
2026-03-02 00:24:15,Boy Name.,-Ciudadela de nivel 10
2026-03-02 00:24:19,Boy Name.,-Ciudadela de nivel 20
2026-03-02 00:24:26,Boy Name.,Monstruo heroico de nivel 18
2026-03-02 00:24:30,Gustavo,Cripta rara de nivel10
2026-03-02 00:24:34,Gustavo,Cripta de nivel 10
2026-03-02 00:24:37,berrygoblina.,Cripta de nivel 20
2026-03-02 00:24:40,berrygoblina.,Cripta de nivel 15
2026-03-02 00:24:44,Gustavo,Cripta de nivel 20
2026-03-02 00:24:49,berrygoblina.,Cripta de nivel 10
2026-03-02 00:24:52,berrygoblina.,Cripta de nivel 15
2026-03-02 00:24:54,berrygoblina.,Cripta de nivel 20
2026-03-02 00:24:59,berrygoblina.,Cripta de nivel 20
2026-03-02 00:25:05,berrygoblina.,Cripta de nivel 20
2026-03-02 00:25:15,Dardaen,Cripta de nivel 10
2026-03-02 00:25:19,Dardaen,Cripta de nivel 10
2026-03-02 00:25:23,Dardaen,Cripta de nivel 10
2026-03-02 00:25:26,Dardaen,Cripta de nivel 10
2026-03-02 00:25:31,nn,
2026-03-02 11:09:13,boy oh boy,Cripta de nivel 15
2026-03-02 11:09:29,boy oh boy,Cripta de nivel 10
2026-03-02 11:09:47,BuenSolonius,Cripta de nivel 10
2026-03-02 11:10:11,BuenSolonius,Cripta de nivel 5
2026-03-02 11:10:41,Davatoloco,Cripta épica de nivel 20
2026-03-02 11:11:09,BuenSolonius,Cripta de nivel 15
2026-03-02 11:11:29,Davatoloco,Cripta de nivel 20
2026-03-02 11:11:47,BuenSolonius,Cripta de nivel 10
2026-03-02 11:12:08,boy oh boy,Cripta de nivel 10
2026-03-02 11:12:36,Davatoloco,Cripta de nivel 20
2026-03-02 11:13:01,Boy Name.,-Ciudadela de nivel 20
2026-03-02 11:13:16,BuenSolonius,Cripta de nivel 15
2026-03-02 11:13:32,BuenSolonius,Cripta de nivel 15
2026-03-02 11:15:11,BuenSolonius,Cripta de nivel 15
2026-03-02 11:15:17,BuenSolonius,Cripta de nivel 10
2026-03-02 11:15:22,BuenSolonius,Cripta de nivel 5
2026-03-02 11:15:27,BuenSolonius,-Cripta rara de nivel 20
2026-03-02 11:15:33,Boy Name.,Cripta rara de nivel 15
2026-03-02 11:15:38,Boy Name.,-Cripta rara de nivel 20
2026-03-02 11:15:43,Boy Name.,Cripta rara de nivel 15
2026-03-02 11:15:48,Boy Name.,Cripta rara de nivel 15
2026-03-02 11:15:53,Boy Name.,Cripta épica de nivel 15
2026-03-02 11:15:57,Biin,Cripta épica de nivel 15
2026-03-02 11:16:02,Biin,Cripta de nivel 15
2026-03-02 11:16:06,SPARTACUS,Cripta de nivel 10
2026-03-02 11:16:11,SPARTACUS,Cripta de nivel 10
2026-03-02 11:16:15,boy oh boy,Cripta de nivel 5
2026-03-02 11:16:19,SPARTACUS,Cripta de nivel 15
2026-03-02 11:16:24,SPARTACUS,Cripta épica de nivel 20
2026-03-02 11:16:30,SPARTACUS,Cripta de nivel 15
2026-03-02 11:16:35,SPARTACUS,Cripta de nivel 15
2026-03-02 11:16:43,Malorius,Cripta de nivel 15
2026-03-02 11:16:54,SPARTACUS,Cripta de nivel 15
2026-03-02 11:17:02,SPARTACUS,Cripta de nivel 5
2026-03-02 11:17:13,SPARTACUS,Cripta de nivel 5
2026-03-02 11:17:23,Malorius,Cripta de nivel 15
2026-03-02 11:35:38,Malorius,Cripta de nivel 15
2026-03-02 11:35:46,Malorius,Cripta de nivel 15
2026-03-02 11:35:57,Malorius,Cripta de nivel 15
2026-03-02 11:36:03,Malorius,Cripta de nivel 15
2026-03-02 11:36:10,Malorius,Cripta de nivel 15
2026-03-02 11:36:16,Malorius,Cripta de nivel 15
2026-03-02 11:36:20,Malorius,Cripta de nivel 15
2026-03-02 11:36:24,Malorius,Cripta de nivel 10
2026-03-02 11:36:28,Malorius,Cripta de nivel 15
2026-03-02 11:36:32,Malorius,Cripta de nivel 15
2026-03-02 11:36:37,Malorius,Cripta de nivel 15
2026-03-02 11:36:41,Malorius,Cripta de nivel 10
2026-03-02 11:36:45,Malorius,Cripta de nivel 15
2026-03-02 11:36:49,Malorius,Cripta de nivel 10
2026-03-02 11:36:56,Malorius,Cripta de nivel 10
2026-03-02 11:37:00,Malorius,Cripta de nivel 10
2026-03-02 11:37:04,Malorius,Cripta de nivel 20
2026-03-02 11:37:08,Malorius,Cripta de nivel 10
2026-03-02 11:37:13,byluir2003,Cripta de nivel 10
2026-03-02 11:37:17,byluir2003,Cripta de nivel 5
2026-03-02 11:37:21,byluir2003,Cripta épica de nivel 15
2026-03-02 11:37:26,byluir2003,Cripta de nivel 10
2026-03-02 11:37:30,‘CARP,Cripta de nivel 25
2026-03-02 11:37:34,byluir2003,Cripta de nivel 20
2026-03-02 11:37:38,byluir2003,Ciudadela de nivel 15
2026-03-02 11:37:43,‘CARP,Cripta de nivel 25
2026-03-02 11:37:47,‘CARP,Cripta de nivel 25
2026-03-02 11:37:52,byluir2003,Cripta rara de nivel 15
2026-03-02 11:38:00,Burilen,Cripta rara de nivel 20
2026-03-02 11:38:03,‘CARP,Cripta de nivel 15
2026-03-02 11:38:13,‘CARP,Cripta épica de nivel 25
2026-03-02 11:38:22,‘CARP,Cripta épica de nivel 25
2026-03-02 11:38:27,Dariine,Cripta de nivel 10
2026-03-02 11:38:32,Dariine,Cripta de nivel 5
2026-03-02 11:38:36,Dariine,Arena
2026-03-02 11:38:42,Dariine,Cripta de nivel 5
2026-03-02 11:38:47,luppii,-Cripta de nivel 10
2026-03-02 11:38:51,luppii,-Cripta de nivel 10
2026-03-02 11:38:56,luppii,-Cripta épica de nivel 15
2026-03-02 11:39:00,luppii,-Cripta de nivel 10
2026-03-02 11:39:05,luppii,-Ciudadela de nivel 15
2026-03-02 11:39:08,luppii,Cripta de nivel 15
2026-03-02 11:39:13,luppii,-Cripta rara de nivel 15
2026-03-02 11:39:18,luppii,-Ciudadela de nivel 15
2026-03-02 11:39:21,luppii,-Ciudadela de nivel 15
2026-03-02 11:39:26,Biin,Cripta rara de nivel 20
2026-03-02 11:39:30,Gratius,Ciudadela de nivel 15
2026-03-02 11:39:34,Gratius,Cripta de nivel 10
2026-03-02 11:39:39,Mare,Cripta épica de nivel 15
2026-03-02 11:39:43,ASTERIA,Riqueza del clan
2026-03-02 11:39:48,ASTERIA,Riqueza del clan
2026-03-02 11:39:51,ASTERIA,Riqueza del clan
2026-03-02 11:39:55,ASTERIA,Riqueza del clan
2026-03-02 11:39:59,lau,Cripta de nivel 15
2026-03-02 11:40:06,lau,Cripta de nivel 15
2026-03-02 11:40:11,lau,Cripta de nivel 10
2026-03-02 11:40:17,,a
2026-03-02 11:40:20,Dariine,Cripta de nivel 5
2026-03-02 11:40:24,lau,Cripta de nivel 10
2026-03-02 11:40:28,lau,Cripta de nivel 15
2026-03-02 11:40:32,lau,Cripta de nivel 10
2026-03-02 11:40:38,Yime,Cripta de nivel 20
2026-03-02 11:40:42,Yime,Cripta de nivel 15
2026-03-02 11:40:46,lau,Cripta de nivel 10
2026-03-02 11:40:51,Yime,Cripta de nivel 15
2026-03-02 11:40:55,Yime,Cripta de nivel 15
2026-03-02 11:40:59,Dariine,Cripta de nivel 5
2026-03-02 11:41:04,Yime,Cripta de nivel 10
2026-03-02 11:41:09,lau,Cripta de nivel 10
2026-03-02 11:41:12,lau,Cripta de nivel 10
2026-03-02 11:41:15,Yime,Cripta de nivel 15
2026-03-02 11:41:20,Yime,Cripta de nivel 15
2026-03-02 11:41:24,Yime,Cripta de nivel 15
2026-03-02 11:41:29,Yime,Cripta de nivel 15
2026-03-02 11:41:33,Yime,Cripta de nivel 20
2026-03-02 11:41:36,lau,Cripta de nivel 15
2026-03-02 11:41:43,Yime,Cripta de nivel 20
2026-03-02 11:41:50,Yime,Cripta de nivel 15
2026-03-02 11:41:57,Yime,Cripta de nivel 15
2026-03-02 11:42:04,Yime,Cripta de nivel 15
2026-03-02 11:42:11,Yime,Cripta de nivel 15
2026-03-02 11:42:15,Yime,Cripta de nivel 15
2026-03-02 11:42:21,Yime,Cripta de nivel 15
2026-03-02 11:42:26,Yime,Cripta de nivel 15
2026-03-02 11:42:31,Durea,Cripta rara de nivel 20
2026-03-02 11:42:36,Yime,Cripta de nivel 15
2026-03-02 11:42:41,Durea,Cripta rara de nivel 20
2026-03-02 11:42:45,Yime,Cripta de nivel 20
2026-03-02 11:42:49,Durea,Cripta rara de nivel 20
2026-03-02 11:42:52,Dariine,Cripta de nivel 5
2026-03-02 11:42:56,Yime,Cripta de nivel 15
2026-03-02 11:43:01,Yime,Cripta de nivel 20
2026-03-02 11:43:05,Durea,Cripta de nivel 20
2026-03-02 11:43:09,Yime,Cripta de nivel 20
2026-03-02 11:43:13,Yime,Cripta de nivel 20
2026-03-02 11:43:17,Durea,Cripta de nivel 20
2026-03-02 11:43:22,Yime,Cripta de nivel 20
2026-03-02 11:43:29,Yime,Cripta de nivel 20
2026-03-02 11:43:31,Yime,Cripta de nivel 20
2026-03-02 11:43:35,Yime,Cripta de nivel 20
2026-03-02 11:43:38,Yime,Cripta de nivel 20
2026-03-02 11:43:42,Durea,Cripta de nivel 10
2026-03-02 11:43:46,Yime,Cripta de nivel 15
2026-03-02 11:43:50,Yime,Cripta de nivel 15
2026-03-02 11:43:54,Yime,Cripta de nivel 15
2026-03-02 11:44:00,Durea,Cripta de nivel 15
2026-03-02 11:44:04,Yime,Cripta de nivel 15
2026-03-02 11:44:08,lau,Cripta de nivel 10
2026-03-02 11:44:12,lau,Cripta de nivel 10
2026-03-02 11:44:15,lau,Cripta de nivel 10
2026-03-02 11:44:19,lau,Cripta de nivel 10
2026-03-02 11:44:23,lau,Cripta de nivel 10
2026-03-02 11:44:27,Maginad,-Cripta de nivel 20
2026-03-02 11:44:30,lau,Cripta de nivel 10
2026-03-02 11:44:34,lau,Cripta de nivel 15
2026-03-02 11:44:39,lau,Cripta de nivel 10
2026-03-02 11:44:42,Saberflame,Cripta épica de nivel 25
2026-03-02 11:44:50,Saberflame,Cripta épica de nivel 30
2026-03-02 11:44:54,Saberflame,Cripta épica de nivel 25
2026-03-02 11:44:58,Saberflame,Cripta épica de nivel 20
2026-03-02 11:45:02,Saberflame,Cripta épica de nivel 30
2026-03-02 11:45:06,Saberflame,Cripta épica de nivel 25
2026-03-02 11:45:09,Saberflame,Cripta de nivel 25
2026-03-02 11:45:16,Saberflame,Cripta épica de nivel 30
2026-03-02 11:45:26,lau,Cripta de nivel 15
2026-03-02 11:45:29,lau,Cripta de nivel 15
2026-03-02 11:45:33,BIALEX,Cripta de nivel 10
2026-03-02 11:45:39,BIALEX,Cripta de nivel 15
2026-03-02 11:45:43,lau,Cripta de nivel 10
2026-03-02 11:45:47,lau,Cripta épica de nivel 15
2026-03-02 11:45:50,Dardaen,Cripta de nivel 10
2026-03-02 11:45:56,Dardaen,Cripta de nivel 10
2026-03-02 11:46:00,Pocoyitaaa,Cripta de nivel 10
2026-03-02 11:46:06,Pocoyitaaa,Cripta de nivel 10
2026-03-02 11:46:10,Pocoyitaaa,Cripta de nivel 10
2026-03-02 11:46:13,Pocoyitaaa,Cripta de nivel 10
2026-03-02 11:46:18,Pocoyitaaa,Cripta de nivel 10
2026-03-02 11:46:21,Pocoyitaaa,Cripta de nivel 10
2026-03-02 11:46:25,Pocoyitaaa,Cripta de nivel 10
2026-03-02 11:46:29,Pocoyitaaa,Cripta de nivel 10
2026-03-02 11:46:33,Pocoyitaaa,Cripta de nivel 10
2026-03-02 11:46:37,Pocoyitaaa,Cripta de nivel 10
2026-03-02 11:46:41,Faledo.,Cripta de nivel 20
2026-03-02 11:46:45,lau,Cripta épica de nivel 15
2026-03-02 11:46:49,Pocoyitaaa,Cripta de nivel 10
2026-03-02 11:46:52,Pocoyitaaa,Cripta rara de nivel.10
2026-03-02 11:46:56,FrancescaRomana,Cripta de nivel 10
2026-03-02 11:47:01,Nemean,Cripta de nivel 20
2026-03-02 11:47:05,Nemean,Cripta de nivel 20
2026-03-02 11:47:10,Nemean,Cripta de nivel 20
2026-03-02 11:47:14,Nemean,Cripta de nivel 20
2026-03-02 11:47:18,Nemean,Cripta de nivel 20
2026-03-02 11:47:22,Nemean,Cripta de nivel 20
2026-03-02 11:47:25,Nemean,Cripta de nivel 20
2026-03-02 11:47:30,Nemean,Cripta de nivel 20
2026-03-02 11:47:34,Mared,Cripta de nivel 15
2026-03-02 11:47:39,Mared,Cripta de nivel 15
2026-03-02 11:47:43,Mauro,Cripta de nivel 25
2026-03-02 11:47:48,Mauro,Cripta épica de nivel 20
2026-03-02 11:47:51,Nemean,Cripta de nivel 20
2026-03-02 11:47:56,Aaron,Cripta de nivel 15
2026-03-02 11:48:00,Aaron,Cripta de nivel 10
2026-03-02 11:48:05,Aaron,Cripta de nivel 10
2026-03-02 11:48:09,Aaron,Cripta de nivel 15
2026-03-02 11:48:13,Burilen,Cripta de nivel 10
2026-03-02 11:48:16,Burilen,Cripta de nivel 15
2026-03-02 11:48:20,Burilen,Cripta de nivel 10
2026-03-02 11:48:24,Keradred,Cripta épica de nivel 15
2026-03-02 11:48:29,Keradred,Cripta épica de nivel 15
2026-03-02 11:48:37,Burilen,Cripta de nivel 15
2026-03-02 11:48:48,Keradred,Cripta de nivel 10
2026-03-02 11:48:52,Keradred,Cripta de nivel 15
2026-03-02 11:48:56,BenXander,Cripta épica de nivel 20
2026-03-02 11:49:01,BenXander,Cripta épica de nivel 20
2026-03-02 11:49:06,BenXander,Cripta épica de nivel 20
2026-03-02 11:49:10,BenXander,Cripta épica de nivel 20
2026-03-02 11:49:14,BenXander,Cripta épica de nivel 20
2026-03-02 11:49:18,BenXander,Cripta de nivel 20
2026-03-02 11:49:21,BenXander,Cripta de nivel 20
2026-03-02 11:49:26,BenXander,Cripta de nivel 20
2026-03-02 11:49:31,BenXander,Cripta de nivel 20
2026-03-02 11:49:36,BenXander,Cripta de nivel 20
2026-03-02 11:49:40,Mared,Cripta de nivel 5
2026-03-02 11:49:43,Mared,Cripta de nivel 5
2026-03-02 11:49:48,Biin,Cripta de nivel 15
2026-03-02 11:49:51,FrancescaRomana,Cripta de nivel 10
2026-03-02 11:49:57,FrancescaRomana,Cripta de nivel 10
2026-03-02 11:50:00,Mared,Cripta de nivel 15
2026-03-02 11:50:06,FrancescaRomana,Cripta de nivel 10
2026-03-02 11:50:10,FrancescaRomana,Cripta de nivel 10
2026-03-02 11:50:13,Mared,Cripta de nivel 10
2026-03-02 11:50:17,lau,Cripta de nivel 15
2026-03-02 11:50:22,Mared,Cripta de nivel 10
2026-03-02 11:50:26,lau,Cripta de nivel 15
2026-03-02 11:50:30,Biin,Cripta de nivel 10
2026-03-02 11:50:34,Burilen,Cripta de nivel 15
2026-03-02 11:50:39,Mared,Cripta de nivel 10
2026-03-02 11:50:43,lau,Cripta de nivel 15
2026-03-02 11:50:49,Mared,Cripta de nivel 15
2026-03-02 11:50:52,lau,Cripta de nivel 15
2026-03-02 11:50:56,Boy Name.,-Ciudadela de nivel 20
2026-03-02 11:50:59,lau,Cripta de nivel 15
2026-03-02 11:51:05,lau,Cripta de nivel 15
2026-03-02 11:51:08,Boy Name.,-Ciudadela de nivel 20
2026-03-02 11:51:13,lau,Cripta de nivel 10
2026-03-02 11:51:17,manuelhh,Cripta de nivel 5
2026-03-02 11:51:21,manuelhh,Cripta de nivel 5
2026-03-02 11:51:25,manuelhh,Cripta de nivel 20
2026-03-02 11:51:28,lau,Cripta de nivel 10
2026-03-02 11:51:32,lau,Cripta de nivel 10
2026-03-02 11:51:36,soulei970,Cripta de nivel 15
2026-03-02 11:51:41,soulei970,Cripta de nivel 25
2026-03-02 11:51:44,soulei970,Cripta de nivel 25
2026-03-02 11:51:48,Boy Name.,-Ciudadela de nivel 20
2026-03-02 11:51:53,Boy Name.,-Ciudadela de nivel 20
2026-03-02 11:51:57,lau,Riqueza del clan
2026-03-02 11:52:02,lau,Riqueza del clan
2026-03-02 11:52:06,lau,Riqueza del clan
2026-03-02 11:52:13,lau,Riqueza del clan
2026-03-02 11:52:21,Ares,"Recompensa personal de ""Unién del triunfo"""
2026-03-02 11:52:25,Ares,"Recompensa personal de ""Unién del triunfo"""
2026-03-02 11:52:31,Ares,"Recompensa personal de ""Unién del triunfo"""
2026-03-02 11:52:35,Ares,"Recompensa personal de ""Unién del triunfo"""
2026-03-02 11:52:40,Ares,"Recompensa personal de ""Unién del triunfo"""
2026-03-02 11:52:45,Mared,Cripta épica de nivel 15
2026-03-02 11:52:49,Mared,Cripta de nivel 15
2026-03-02 11:52:53,Ares,Cripta rara de nivel10
2026-03-02 11:52:56,Ares,Cripta de nivel 10
2026-03-02 11:53:01,Ares,Cripta épica de nivel 20
2026-03-02 11:53:05,Ares,Cripta de nivel 20
2026-03-02 11:53:10,Mared,Cripta de nivel 15
2026-03-02 11:53:14,Mared,Cripta de nivel 5
2026-03-02 11:53:18,Mared,Cripta de nivel 15
2026-03-02 11:53:22,Ares,Cripta de nivel 10
2026-03-02 11:53:26,Ares,Cripta de nivel 15
2026-03-02 11:53:30,Ares,Cripta de nivel 20
2026-03-02 11:53:34,LadyHawke,‘Cripta de nivel 20
2026-03-02 11:53:38,LadyHawke,‘Cripta de nivel 25
2026-03-02 11:53:42,LadyHawke,‘Cripta de nivel 20
2026-03-02 11:53:45,LadyHawke,‘Cripta de nivel 15
2026-03-02 11:53:51,LadyHawke,‘Cripta de nivel 20
2026-03-02 11:53:55,LadyHawke,‘Cripta de nivel 10
2026-03-02 11:54:00,LadyHawke,‘Cripta de nivel 5
2026-03-02 11:54:04,LadyHawke,‘Cripta de nivel 20
2026-03-02 11:54:08,LadyHawke,‘Cripta de nivel 20
2026-03-02 11:54:12,LadyHawke,‘Cripta de nivel 20
2026-03-02 11:54:16,LadyHawke,‘Cripta de nivel 20
2026-03-02 11:54:20,LadyHawke,‘Cripta de nivel 20
2026-03-02 11:54:24,LadyHawke,‘Cripta de nivel 20
2026-03-02 11:54:28,LadyHawke,‘Cripta de nivel 20
2026-03-02 11:54:34,Roca,Cripta de nivel 10
2026-03-02 11:54:39,Roca,Cripta épica de nivel 20
2026-03-02 11:54:43,LadyHawke,‘Cripta de nivel 20
2026-03-02 11:54:48,Roca,Cripta de nivel 20
2026-03-02 11:54:51,LadyHawke,‘Cripta de nivel 25
2026-03-02 11:54:56,WENDY,Cripta de nivel 10
2026-03-02 11:55:00,WENDY,Cripta épica de nivel 15
2026-03-02 12:52:28,‘Cheska,Cripta épica de nivel 15
2026-03-02 12:52:39,‘Cheska,Cripta épica de nivel 15
2026-03-02 12:52:53,‘Cheska,Cripta de nivel 15
2026-03-02 12:53:04,‘Cheska,Cripta de nivel 15
2026-03-02 12:53:21,Mare,Cripta de nivel 25
2026-03-02 12:53:32,Mare,Cripta épica de nivel 20
2026-03-02 12:53:41,Mare,Cripta de nivel 20
2026-03-02 12:53:55,Mare,Cripta de nivel 10
2026-03-02 12:54:07,Mare,Cripta de nivel 10
2026-03-02 12:54:13,Mare,Cripta de nivel 25
2026-03-02 12:54:23,Mare,Cripta de nivel 15
2026-03-02 12:54:38,Mare,Cripta de nivel 20
2026-03-02 12:54:45,Mare,Cripta de nivel 20
2026-03-02 12:54:54,nn,
2026-03-03 00:14:00,Aaron,Ciudadela de nivel 10
2026-03-03 00:14:10,Gustavo,Cripta de nivel 5
2026-03-03 00:14:25,Mared,Cripta de nivel 5
2026-03-03 00:14:42,Mared,Cripta de nivel 10
2026-03-03 00:15:05,Mared,Ciudadela de nivel 15
2026-03-03 00:15:29,Feli,Cripta épica de nivel 20
2026-03-03 00:15:59,Feli,Cripta de nivel 25
2026-03-03 00:16:23,Feli,Cripta épica de nivel 15
2026-03-03 00:16:43,Feli,Cripta épica de nivel 15
2026-03-03 00:16:58,Feli,Cripta de nivel 15
2026-03-03 00:17:19,Boy Name.,-Ciudadela de nivel 20
2026-03-03 00:17:42,Gratius,Cripta de nivel 10
2026-03-03 00:17:57,Boy Name.,-Ciudadela de nivel 20
2026-03-03 00:18:12,Yime,Cripta de nivel 20
2026-03-03 00:18:26,Yime,Cripta de nivel 20
2026-03-03 00:18:40,Yime,Cripta de nivel 20
2026-03-03 00:18:59,Yime,Cripta de nivel 20
2026-03-03 00:19:20,Yime,Cripta de nivel 20
2026-03-03 00:19:45,Yime,Cripta épica de nivel 20
2026-03-03 00:20:05,Boy Name.,-Ciudadela de nivel 15
2026-03-03 00:20:18,Boy Name.,-Ciudadela de nivel 10
2026-03-03 00:20:36,Boy Name.,"-Recompensa personal de “Unién del triunfo"""
2026-03-03 00:20:52,Boy Name.,"-Recompensa personal de “Unién del triunfo"""
2026-03-03 00:21:08,Boy Name.,"-Recompensa personal de “Unién del triunfo"""
2026-03-03 00:21:26,Boy Name.,-Ciudadela de nivel 10
2026-03-03 00:21:50,Mare,Cripta de nivel 25
2026-03-03 00:22:18,Boy Name.,Monstruo heroico de nivel 17
2026-03-03 00:22:37,Mare,Cripta de nivel 20
2026-03-03 00:22:52,Eypenani,"-Recompensa personal de “Unién del triunfo"""
2026-03-03 00:23:07,Eypenani,"-Recompensa personal de “Unién del triunfo"""
2026-03-03 00:23:33,Eypenani,"-Recompensa personal de “Unién del triunfo"""
2026-03-03 00:23:56,Biin,Cripta épica de nivel 20
2026-03-03 00:24:17,Mare,Cripta de nivel 20
2026-03-03 00:24:32,Boy Name.,Monstruo heroico de nivel 17
2026-03-03 00:24:47,Feli,Cripta de nivel 25
2026-03-03 00:25:04,Pocovita,Cripta rara de nivel.10
2026-03-03 00:25:22,Feli,Cripta de nivel 25
2026-03-03 00:25:35,Feli,Cripta rara de nivel.10
2026-03-03 00:25:50,Boy Name.,Monstruo heroico de nivel 17
2026-03-03 00:26:03,Mauro,"Recompensa personal de ""Unién del triunfo"""
2026-03-03 00:26:15,Mauro,"Recompensa personal de ""Unién del triunfo"""
2026-03-03 00:26:32,Mauro,"Recompensa personal de ""Unién del triunfo"""
2026-03-03 00:26:47,Feli,Cripta de nivel 15
2026-03-03 00:27:01,Feli,Cripta de nivel 15
2026-03-03 00:27:13,Eypenani,-Cripta de nivel 10
2026-03-03 00:27:25,lau,"Recompensa personal de ""Unién del triunfo"""
2026-03-03 00:27:36,lau,"Recompensa personal de ""Unién del triunfo"""
2026-03-03 00:27:46,lau,"Recompensa personal de ""Unién del triunfo"""
2026-03-03 00:27:57,Pocovita,Cripta de nivel 10
2026-03-03 00:28:09,Dacely,"-Recompensa personal de “Unién del triunfo"""
2026-03-03 00:28:21,Dacely,"-Recompensa personal de “Unién del triunfo"""
2026-03-03 00:28:33,Dacely,"-Recompensa personal de “Unién del triunfo"""
2026-03-03 00:28:42,Dacely,"-Recompensa personal de “Unién del triunfo"""
2026-03-03 00:28:54,Biin,Cripta de nivel 10
2026-03-03 00:29:06,Biin,Cripta de nivel 10
2026-03-03 00:29:19,lau,Cripta de nivel 15
2026-03-03 00:29:31,Durdy 7777,Cripta épica de nivel 15
2026-03-03 00:29:42,Pocovita,Cripta de nivel 10
2026-03-03 00:29:55,Durdy 7777,Cripta de nivel 15
2026-03-03 00:30:13,Durdy 7777,Cripta de nivel 15
2026-03-03 00:30:32,Pocovita,Cripta de nivel 10
2026-03-03 00:30:48,ASTERIA,"Recompensa personal de ""Unién del triunfo"""
2026-03-03 00:31:00,ASTERIA,"Recompensa personal de ""Unién del triunfo"""
2026-03-03 00:31:16,Boy Name.,-Ciudadela de nivel 10
2026-03-03 00:31:29,Boy Name.,-Ciudadela de nivel 10
2026-03-03 00:31:43,Biin,Cripta épica de nivel 15
2026-03-03 00:31:58,Durdy 7777,Cripta de nivel 5
2026-03-03 00:32:10,Durdy 7777,Cripta de nivel 5
2026-03-03 00:32:23,Gratius,Cripta de nivel 5
2026-03-03 00:32:36,Durdy 7777,Cripta de nivel 15
2026-03-03 00:32:48,Boy Name.,-Ciudadela de nivel 10
2026-03-03 00:33:00,Boy Name.,Cripta de nivel 25
2026-03-03 00:33:16,Pocovita,Cripta de nivel 10
2026-03-03 00:33:37,Maginad,-Cripta de nivel 5
2026-03-03 00:33:58,Boy Name.,Cripta de nivel 10
2026-03-03 00:34:10,lau,Cripta de nivel 15
2026-03-03 00:34:19,Durdy 7777,Cripta de nivel 15
2026-03-03 00:34:30,Boy Name.,Cripta de nivel 10
2026-03-03 00:34:43,Feli,Béveda de los antiguas de nivel 20-24
2026-03-03 00:34:56,Gratius,Cripta de nivel 5
2026-03-03 00:35:09,Pocovita,Cripta rara de nivel.10
2026-03-03 00:35:19,Mared,Cripta de nivel 15
2026-03-03 00:35:32,Pocovita,Cripta de nivel 10
2026-03-03 00:35:42,Pocovita,Cripta de nivel 15
2026-03-03 00:35:56,Biin,Cripta de nivel 15
2026-03-03 00:36:12,Pocovita,Cripta de nivel 10
2026-03-03 00:36:24,Tysojind,-Cripta de nivel 10
2026-03-03 00:36:34,Gratius,Cripta de nivel 10
2026-03-03 00:36:42,lau,Cripta de nivel 15
2026-03-03 00:36:50,Pocovita,Cripta de nivel 10
2026-03-03 00:36:57,Pocovita,Cripta de nivel 10
2026-03-03 00:37:10,Mauro,Cripta de nivel 20
2026-03-03 00:37:20,Maginad,-Cripta de nivel 10
2026-03-03 00:37:26,Mauro,Cripta de nivel 15
2026-03-03 00:37:34,Mauro,Cripta de nivel 15
2026-03-03 00:37:40,Mared,Cripta de nivel 15
2026-03-03 00:37:44,Durdy 7777,Cripta de nivel 5
2026-03-03 00:37:51,Durdy 7777,Cripta de nivel 15
2026-03-03 00:37:56,Mared,Cripta épica de nivel 15
2026-03-03 00:38:03,lau,Cripta de nivel 15
2026-03-03 00:38:10,Saberflame,Cripta de nivel 25
2026-03-03 00:38:21,Saberflame,Cripta de nivel 25
2026-03-03 00:38:34,Mared,Cripta de nivel 15
2026-03-03 00:38:45,Mared,Cripta de nivel 15
2026-03-03 00:38:59,lau,Cripta de nivel 10
2026-03-03 00:39:11,Saberflame,Béveda de los antiguas de nivel 30-34
2026-03-03 00:39:24,Durdy 7777,Cripta de nivel 5
2026-03-03 00:39:36,Mauro,Cripta épica de nivel 20
2026-03-03 00:39:49,Mauro,Cripta épica de nivel 20
2026-03-03 00:40:03,Ares,"Recompensa personal de ""Unién del triunfo"""
2026-03-03 00:40:15,Ares,"Recompensa personal de ""Unién del triunfo"""
2026-03-03 00:40:22,Ares,"Recompensa personal de ""Unién del triunfo"""
2026-03-03 00:40:34,Mauro,Cripta de nivel 20
2026-03-03 00:40:46,Mauro,Cripta de nivel 20
2026-03-03 00:40:57,Mauro,Cripta de nivel 15
2026-03-03 00:41:08,Mauro,Cripta de nivel 15
2026-03-03 00:41:13,Mauro,Cripta de nivel 25
2026-03-03 00:41:21,Mauro,Béveda de los antiguas de nivel 25-29
2026-03-03 00:41:29,Mauro,Cripta de nivel 5
2026-03-03 00:41:34,Ares,Cripta de nivel 5
2026-03-03 00:41:40,Mauro,Cripta de nivel 10
2026-03-03 00:41:46,Mauro,Cripta de nivel 10
2026-03-03 00:41:54,Ares,Cripta de nivel 15
2026-03-03 00:42:01,Mauro,Cripta de nivel 10
2026-03-03 00:42:09,Mauro,Cripta de nivel 15
2026-03-03 00:42:16,Mauro,Cripta de nivel 25
2026-03-03 00:42:23,Mauro,-Béveda de los antiguas de nivel 20-24
2026-03-03 00:42:30,Boy Name.,-Béveda de los antiguas de nivel 20-24
2026-03-03 00:42:40,ASTERIA,Cripta épica de nivel 20
2026-03-03 00:42:47,ASTERIA,Cripta de nivel 25
2026-03-03 00:42:53,ASTERIA,Cripta de nivel 25
2026-03-03 00:43:03,Ares,Ciudadela de nivel 10
2026-03-03 00:43:11,ASTERIA,Cripta de nivel 20
2026-03-03 00:43:19,‘Cheska,Cripta épica de nivel 15
2026-03-03 00:43:26,‘Cheska,-Ciudadela de nivel 10
2026-03-03 00:43:34,Boy Name.,-Ciudadela de nivel 10
2026-03-03 00:43:41,ASTERIA,Cripta épica de nivel 20
2026-03-03 00:43:48,Mauro,Cripta de nivel 20
2026-03-03 00:43:53,Mauro,Cripta de nivel 20
2026-03-03 00:44:00,Gokee,Cripta de nivel 15
2026-03-03 00:44:11,ASTERIA,Cripta de nivel 15
2026-03-03 00:44:16,ASTERIA,Cripta de nivel 15
2026-03-03 00:44:21,Ares,Béveda de los antiguas de nivel 25-29
2026-03-03 00:44:28,lau,Cripta de nivel 15
2026-03-03 00:44:34,ASTERIA,Cripta de nivel 15
2026-03-03 00:44:40,‘Cheska,Cripta épica de nivel 15
2026-03-03 00:44:46,ASTERIA,Cripta de nivel 25
2026-03-03 00:44:53,lau,Cripta de nivel 15
2026-03-03 00:44:59,lau,Cripta de nivel 15
2026-03-03 00:45:07,‘Cheska,Cripta de nivel 20
2026-03-03 00:45:14,Roca,"Recompensa personal de ""Unién del triunfo"""
2026-03-03 00:45:20,Roca,"Recompensa personal de ""Unién del triunfo"""
2026-03-03 00:45:28,Roca,"Recompensa personal de ""Unién del triunfo"""
2026-03-03 00:45:35,WENDY,Cripta de nivel 10
2026-03-03 00:45:42,Mauro,Béveda de los antiguas de nivel 20-24
2026-03-03 00:45:47,Mauro,Béveda de los antiguas de nivel 20-24
2026-03-03 00:45:55,WENDY,Cripta rara de nivel 15
2026-03-03 00:46:01,WENDY,Cripta rara de nivel 15
2026-03-03 00:46:07,Dardaen,Cripta de nivel 5
2026-03-03 00:46:14,Roca,Cripta de nivel 10
2026-03-03 00:46:19,Roca,Cripta de nivel 5
2026-03-03 00:46:24,‘Cheska,Cripta de nivel 15
2026-03-03 00:46:30,Roca,Cripta de nivel 20
2026-03-03 00:46:37,Roca,Cripta de nivel 20
2026-03-03 00:46:43,soulei970,Cripta de nivel 10
2026-03-03 00:46:48,soulei970,Cripta de nivel 10
2026-03-03 00:46:52,soulei970,Cripta de nivel 10
2026-03-03 00:47:06,soulei970,Béveda de los antiguos de nivel 25-29
2026-03-03 00:47:21,soulei970,Cripta de nivel 10
2026-03-03 00:47:40,Dardaen,Arena
2026-03-03 00:47:53,Dardaen,Cripta de nivel 10
2026-03-03 00:48:04,Daidal,"Recompensa personal de ""Unién del triunfo"""
2026-03-03 00:48:18,Daidal,"Recompensa personal de ""Unién del triunfo"""
2026-03-03 00:48:28,Daidal,"Recompensa personal de ""Unién del triunfo"""
2026-03-03 00:48:39,Dardaen,Cripta de nivel 5
2026-03-03 00:48:50,Dardaen,Cripta de nivel 5
2026-03-03 00:49:01,Dardaen,Cripta de nivel 10
2026-03-03 00:49:11,Dardaen,Cripta de nivel 5
2026-03-03 00:49:21,Dardaen,Cripta de nivel 10
2026-03-03 00:49:29,Dardaen,Cripta de nivel 10
2026-03-03 00:49:35,Dardaen,Cripta de nivel 10
2026-03-03 00:49:41,Dardaen,Cripta de nivel 5
2026-03-03 00:49:49,Dardaen,Cripta de nivel 5
2026-03-03 00:49:54,Dardaen,Cripta de nivel 5
2026-03-03 00:50:04,boy oh boy,Cripta de nivel 5
2026-03-03 00:50:12,boy oh boy,Cripta de nivel 10
2026-03-03 00:50:17,boy oh boy,Cripta de nivel 10
2026-03-03 00:50:24,Daidal,Cripta rara de nivel 15
2026-03-03 00:50:32,boy oh boy,Cripta de nivel 5
2026-03-03 00:50:39,Mare,Ciudadela de nivel 25
2026-03-03 00:50:45,Dardaen,Cripta de nivel 5
2026-03-03 00:50:50,Mare,Ciudadela de nivel 25
2026-03-03 00:51:05,Dardaen,Cripta de nivel 5
2026-03-03 00:51:17,Dardaen,Cripta de nivel 5
2026-03-03 00:51:32,Burilen,"Recompensa personal de ""Unién del triunfo"""
2026-03-03 00:51:42,Burilen,"Recompensa personal de ""Unién del triunfo"""
2026-03-03 00:51:53,Burilen,"Recompensa personal de ""Unién del triunfo"""
2026-03-03 00:52:02,Dardaen,Cripta de nivel 10
2026-03-03 00:52:08,Dardaen,Cripta de nivel 10
2026-03-03 00:52:14,Dardaen,Cripta de nivel 5
2026-03-03 00:52:19,soulei970,Béveda de los antiguos de nivel 30-34
2026-03-03 00:52:26,Zololar,Cripta de nivel 15
2026-03-03 00:52:32,Zololar,Cripta de nivel 15
2026-03-03 00:52:38,Zololar,Cripta de nivel 5
2026-03-03 00:52:45,Zololar,Cripta de nivel 5
2026-03-03 00:52:53,Zololar,Cripta de nivel 5
2026-03-03 00:52:59,Zololar,Cripta de nivel 5
2026-03-03 00:53:07,Dardaen,Cripta rara de nivel 15
2026-03-03 00:53:12,Zololar,Cripta de nivel 10
2026-03-03 00:53:22,Boy Name.,-Béveda de los antiguos de nivel 25-29
2026-03-03 00:53:26,Dardaen,Cripta de nivel 10
2026-03-03 00:53:37,Mare,Ciudadela de nivel 30
2026-03-03 00:53:43,Mare,Ciudadela de nivel 30
2026-03-03 00:53:49,Mare,Ciudadela de nivel 25
2026-03-03 00:53:57,Daidal,Ciudadela de nivel 25
2026-03-03 00:54:04,DevilDoo,Cripta de nivel 10
2026-03-03 00:54:11,DevilDoo,Cripta de nivel 10
2026-03-03 00:54:16,Burilen,Cripta de nivel 20
2026-03-03 00:54:24,DevilDoo,Cripta de nivel 10
2026-03-03 00:54:30,DevilDoo,Cripta de nivel 10
2026-03-03 00:54:43,Keradred,Ciudadela de nivel 10
2026-03-03 00:54:51,DevilDoo,Cripta de nivel 10
2026-03-03 00:55:02,DevilDoo,Cripta de nivel 5
2026-03-03 00:55:12,DevilDoo,Cripta de nivel 10
2026-03-03 00:55:18,DevilDoo,Cripta de nivel 10
2026-03-03 00:55:23,DevilDoo,Cripta de nivel 5
2026-03-03 00:55:29,Keradred,Ciudadela de nivel 10
2026-03-03 00:55:34,Keradred,Ciudadela de nivel 10
2026-03-03 00:55:40,Malorius,Cripta de nivel 15
2026-03-03 00:55:47,alejandra,-Cripta de nivel 10
2026-03-03 00:55:53,Keradred,Ciudadela de nivel 10
2026-03-03 00:55:58,Keradred,Ciudadela de nivel 10
2026-03-03 00:56:04,alejandra,-Cripta rara de nivel 10
2026-03-03 00:56:10,Keradred,Cripta de nivel 10
2026-03-03 00:56:19,Mare,Ciudadela de nivel 25
2026-03-03 00:56:25,Keradred,Cripta de nivel 15
2026-03-03 00:56:31,Keradred,Cripta de nivel 15
2026-03-03 00:56:35,Burilen,Cripta rara de nivel 15
2026-03-03 00:56:40,Malorius,Béveda de los antiguas de nivel 20-24
2026-03-03 00:56:46,Lordriel,"Recompensa personal de ""Unién del triunfo"""
2026-03-03 00:56:54,Lordriel,"Recompensa personal de ""Unién del triunfo"""
2026-03-03 00:57:00,Lordriel,"Recompensa personal de ""Unién del triunfo"""
2026-03-03 00:57:08,Murod,Cripta de nivel 10
2026-03-03 00:57:14,Murod,Cripta de nivel 10
2026-03-03 00:57:22,Murod,Cripta de nivel 10
2026-03-03 00:57:28,Murod,Cripta de nivel 10
2026-03-03 00:57:37,Mared,Cripta de nivel 5
2026-03-03 00:57:43,Keradred,Cripta de nivel 15
2026-03-03 00:57:53,Keradred,Cripta de nivel 15
2026-03-03 00:58:03,Murod,Cripta de nivel 15
2026-03-03 00:58:08,Murod,Cripta de nivel 15
2026-03-03 00:58:16,Murod,Cripta de nivel 15
2026-03-03 00:58:21,Murod,Cripta de nivel 15
2026-03-03 00:58:29,lau,Béveda de los antiguas de nivel 25-29
2026-03-03 00:58:33,lau,Béveda de los antiguas de nivel 25-29
2026-03-03 00:58:40,Keradred,Cripta de nivel 15
2026-03-03 00:58:45,lau,Cripta de nivel 15
2026-03-03 00:58:51,Erreape,"Recompensa personal de ""Unién del triunfo"""
2026-03-03 00:58:56,Erreape,"Recompensa personal de ""Unién del triunfo"""
2026-03-03 00:59:03,Erreape,"Recompensa personal de ""Unién del triunfo"""
2026-03-03 00:59:09,lau,Béveda de los antiguas de nivel 20-24
2026-03-03 00:59:14,lau,Béveda de los antiguas de nivel 20-24
2026-03-03 00:59:21,Murod,Cripta épica de nivel 15
2026-03-03 00:59:28,Malorius,Cripta épica de nivel 20
2026-03-03 00:59:34,Murod,Cripta épica de nivel 15
2026-03-03 00:59:39,Malorius,Cripta rara de nivel 20
2026-03-03 00:59:44,Malorius,Cripta rara de nivel 20
2026-03-03 00:59:51,Erreape,Béveda de los antiguos de nivel 30-34
2026-03-03 00:59:59,lau,Cripta de nivel 15
2026-03-03 01:00:05,lau,Cripta de nivel 15
2026-03-03 01:00:13,Erreape,Béveda de los antiguos de nivel 25-29
2026-03-03 01:00:18,boy oh boy,-Ciudadela de nivel 10
2026-03-03 01:00:25,Burilen,Béveda de los antiguas de nivel 30-34
2026-03-03 01:00:30,manuelhh,Ciudadela de nivel 15
2026-03-03 01:00:38,Malorius,Ciudadela de nivel 25
2026-03-03 01:00:43,Malorius,Ciudadela de nivel 25
2026-03-03 01:00:49,‘eznudel,Cripta de nivel 15
2026-03-03 01:00:53,‘eznudel,Cripta de nivel 15
2026-03-03 01:01:02,‘eznudel,Cripta de nivel 10
2026-03-03 01:01:12,Boy Name.,Cripta de nivel 15
2026-03-03 01:01:23,‘eznudel,Cripta de nivel 10
2026-03-03 01:01:36,manuelhh,Ciudadela de nivel 10
2026-03-03 01:01:45,manuelhh,Ciudadela de nivel 10
2026-03-03 01:01:50,Boy Name.,Riqueza del clan
2026-03-03 01:01:56,Boy Name.,Riqueza del clan
2026-03-03 01:02:04,Boy Name.,Riqueza del clan
2026-03-03 01:02:10,Boy Name.,Riqueza del clan
2026-03-03 01:02:16,Rufean It,Béveda de los antiguas de nivel 25-29
2026-03-03 01:02:22,manuelhh,Cripta de nivel 10
2026-03-03 01:02:29,Rufean,"Recompensa personal de ""Unién del triunfo"""
2026-03-03 01:02:36,Rufean,"Recompensa personal de ""Unién del triunfo"""
2026-03-03 01:02:45,Rufean,"Recompensa personal de ""Unién del triunfo"""
2026-03-03 01:02:53,berrygoblina.,Cripta de nivel 20
2026-03-03 01:03:01,Mared,Cripta de nivel 5
2026-03-03 01:03:05,Mared,Cripta de nivel 5
2026-03-03 01:03:12,Mared,Cripta de nivel 5
2026-03-03 01:03:22,Kili,Arena
2026-03-03 01:03:35,berrygoblina.,Cripta de nivel 20
2026-03-03 01:03:43,manuelhh,Cripta de nivel 15
2026-03-03 01:03:47,manuelhh,Cripta de nivel 15
2026-03-03 01:03:57,Kili,Cripta de nivel 20
2026-03-03 01:04:06,Saberflame,Béveda de los antiguas de nivel 25-29
2026-03-03 01:04:13,Saberflame,Béveda de los antiguas de nivel 25-29
2026-03-03 01:04:21,Saberflame,Béveda de los antiguas de nivel 25-29
2026-03-03 01:04:31,Rufean,Cripta de nivel 15
2026-03-03 01:04:39,Rufean,Cripta de nivel 15
2026-03-03 01:04:47,Rufean,Cripta de nivel 15
2026-03-03 01:04:56,Rufean,Cripta de nivel 15
2026-03-03 01:05:03,Rufean,Cripta de nivel 15
2026-03-03 01:05:08,Rufean,Cripta de nivel 15
2026-03-03 01:05:15,Rufean,Cripta de nivel 15
2026-03-03 01:05:21,Rufean,Cripta de nivel 10
2026-03-03 01:05:27,MALVINA.,Cripta de nivel 10
2026-03-03 01:05:34,Rufean,Cripta de nivel 15
2026-03-03 01:05:39,Braramar,Cripta de nivel 10
2026-03-03 01:05:48,Ben Xander,Cripta épica de nivel 15
2026-03-03 01:05:53,Zololar,Cripta épica de nivel 15
2026-03-03 01:06:01,Braramar,Cripta de nivel 5
2026-03-03 01:06:07,Braramar,Cripta de nivel 5
2026-03-03 01:06:14,MALVINA.,Cripta de nivel 5
2026-03-03 01:06:18,Zololar,Cripta de nivel 5
2026-03-03 01:06:25,Rufean,Béveda de los antiguas de nivel 25-29
2026-03-03 01:06:31,Rufean,Béveda de los antiguas de nivel 25-29
2026-03-03 01:06:38,Jhanau Kong,Cripta de nivel 20
2026-03-03 01:06:46,Braramar,Cripta de nivel 10
2026-03-03 01:06:50,Braramar,Cripta de nivel 10
2026-03-03 01:06:59,Rufean It,Cripta de nivel 15
2026-03-03 01:07:04,Rufean It,Cripta de nivel 15
2026-03-03 01:07:11,Zololar,Cripta de nivel 10
2026-03-03 01:07:18,Zololar,Cripta de nivel 5
2026-03-03 01:07:24,Zololar,Cripta de nivel 5
2026-03-03 01:07:28,Zololar,Cripta de nivel 5
2026-03-03 01:07:35,Rufean It,Cripta de nivel 15
2026-03-03 01:07:42,Rufean It,Cripta de nivel 15
2026-03-03 01:07:54,Rufean It,Cripta de nivel 15
2026-03-03 01:08:06,Jhanau Kong,Cripta de nivel 5
2026-03-03 01:08:11,Jhanau Kong,Cripta de nivel 5
2026-03-03 01:08:19,Jhanau Kong,Cripta de nivel 5
2026-03-03 01:08:28,Jhanau Kong,Cripta de nivel 15
2026-03-03 01:08:37,Rufean It,Cripta de nivel 15
2026-03-03 01:08:43,BenXander,Cripta de nivel 20
2026-03-03 01:08:51,BenXander,Cripta de nivel 20
2026-03-03 01:08:59,Faledo.,Cripta de nivel 20
2026-03-03 01:09:05,BenXander,Cripta de nivel 20
2026-03-03 01:09:11,Rufean It,Cripta de nivel 15
2026-03-03 01:09:18,Rufean It,Cripta de nivel 15
2026-03-03 01:09:23,BenXander,Cripta épica de nivel 15
2026-03-03 01:09:30,BenXander,Cripta épica de nivel 15
2026-03-03 01:09:36,Rufean It,Cripta de nivel 20
2026-03-03 01:09:44,Rufean It,Cripta de nivel 15
2026-03-03 01:09:52,lau,Cripta de nivel 15
2026-03-03 01:09:57,Nikita,Cripta de nivel 25
2026-03-03 01:10:04,lau,Cripta de nivel 10
2026-03-03 01:10:10,Nikita,Cripta de nivel 10
2026-03-03 01:10:17,lau,Cripta de nivel 15
2026-03-03 01:10:23,Stitch,Cripta de nivel 5
2026-03-03 01:10:29,Stitch,Cripta de nivel 5
2026-03-03 01:10:36,Stitch,Cripta de nivel 10
2026-03-03 01:10:42,BARTOLITO,Cripta de nivel 5
2026-03-03 01:10:52,Stitch,Cripta de nivel 10
2026-03-03 01:10:58,Stitch,Béveda de los antiguas de nivel 20-24
2026-03-03 01:11:07,BARTOLITO,Cripta de nivel 10
2026-03-03 01:11:15,BARTOLITO,Cripta de nivel 10
2026-03-03 01:11:21,SisuskK.,Cripta de nivel 25
2026-03-03 01:11:27,SisuskK.,Cripta de nivel 25
2026-03-03 01:11:32,SisuskK.,Cripta de nivel 20
2026-03-03 01:11:39,Gustavo,Cripta épica de nivel 15
2026-03-03 01:11:45,Gustavo,Cripta épica de nivel 15
2026-03-03 01:11:51,Nikita,Ciudadela de nivel 20
2026-03-03 01:12:02,Nikita,Ciudadela de nivel 15
2026-03-03 01:12:09,Gustavo,Ciudadela de nivel 10
2026-03-03 01:12:13,Gustavo,Ciudadela de nivel 10
2026-03-03 01:12:19,Gustavo,Cripta de nivel 25
2026-03-03 01:12:23,Gustavo,Cripta de nivel 25
2026-03-03 01:12:32,Rufean It,Cripta de nivel 15
2026-03-03 01:12:41,Gustavo,Cripta de nivel 10
2026-03-03 01:12:49,Gustavo,Cripta de nivel 10
2026-03-03 01:12:56,Nikita,Ciudadela de nivel 20
2026-03-03 01:13:00,Nikita,Ciudadela de nivel 20
2026-03-03 01:13:08,Nikita,Ciudadela de nivel 25
2026-03-03 01:13:14,Rufean It,Béveda de los antiguas de nivel 20-24
2026-03-03 01:13:20,Rufean It,Béveda de los antiguas de nivel 20-24
2026-03-03 01:13:25,Findanel,Cripta de nivel 10
2026-03-03 01:13:34,Mare,Cripta rara de nivel 30
2026-03-03 01:13:43,Mare,Cripta rara de nivel 30
2026-03-03 01:13:48,Mare,Cripta rara de nivel 25
2026-03-03 01:13:54,Mare,Cripta rara de nivel 25
2026-03-03 01:13:59,Mare,Cripta rara de nivel 25
2026-03-03 01:14:04,Mare,Cripta rara de nivel 25
2026-03-03 01:14:11,Mare,Cripta rara de nivel 25
2026-03-03 01:14:18,Dardaen,Cripta de nivel 10
2026-03-03 01:14:24,Dardaen,Cripta de nivel 10
2026-03-03 01:14:31,Gustavo,Cripta de nivel 10
2026-03-03 01:14:38,malvalite CAL,Cripta de nivel 5
2026-03-03 01:14:44,malvalite CAL,Cripta de nivel 5
2026-03-03 01:14:53,Dardaen,Cripta de nivel 10
2026-03-03 01:14:56,malvalite CAL,Cripta de nivel 5
2026-03-03 01:15:05,Gustavo,Cripta de nivel 20
2026-03-03 01:15:10,Dardaen,Cripta de nivel 5
2026-03-03 01:15:20,Dardaen,Cripta de nivel 10
2026-03-03 01:15:29,Dardaen,Cripta de nivel 5
2026-03-03 01:15:38,Dardaen,Béveda de los antiguos de nivel 25-29
2026-03-03 01:15:45,Erreape,Béveda de los antiguos de nivel 25-29
2026-03-03 01:15:51,Mojora,Cripta rara de nivel 20
2026-03-03 01:15:57,Erreape,Cripta rara de nivel 20
2026-03-03 01:16:07,Erreape,Cripta épica de nivel 15
2026-03-03 01:16:13,Erreape,Cripta épica de nivel 15
2026-03-03 01:16:17,Erreape,Cripta de nivel 25
2026-03-03 01:16:26,Gustavo,Cripta de nivel 15
2026-03-03 01:16:31,Gustavo,Cripta de nivel 15
2026-03-03 01:16:39,Gustavo,Cripta de nivel 10
2026-03-03 01:16:46,Gustavo,Cripta de nivel 10
2026-03-03 01:16:54,Findanel,Cripta de nivel 10
2026-03-03 01:17:01,Findanel,Cripta de nivel 10
2026-03-03 01:17:04,Gustavo,Cripta de nivel 5
2026-03-03 01:17:13,Erreape,Cripta épica de nivel 20
2026-03-03 01:17:22,Gustavo,Cripta de nivel 10
2026-03-03 01:17:30,Gustavo,Cripta de nivel 10
2026-03-03 01:17:35,Erreape,Cripta de nivel 20
2026-03-03 01:17:41,Erreape,Cripta épica de nivel 15
2026-03-03 01:17:49,Gustavo,Cripta de nivel 15
2026-03-03 01:17:54,Erreape,Cripta de nivel 15
2026-03-03 01:17:59,Gustavo,Cripta de nivel 15
2026-03-03 01:18:04,Mojora,-Cripta de nivel 10
2026-03-03 01:18:11,Mojora,Arena
2026-03-03 01:18:19,Gustavo,Cripta de nivel 15
2026-03-03 01:18:28,Mojora,-Cripta de nivel 10
2026-03-03 01:18:36,Mojora,-Cripta rara de nivel 15
2026-03-03 01:19:04,FrancescaRomana,Cripta de nivel 10
2026-03-03 01:19:25,FrancescaRomana,Cripta de nivel 10
2026-03-03 01:19:50,FrancescaRomana,Cripta de nivel 10
2026-03-03 01:20:07,FrancescaRomana,Cripta de nivel 10
2026-03-03 01:20:25,Dardaen,Cripta de nivel 10
2026-03-03 01:21:25,Meginan,-Cripta épica de nivel 15
2026-03-03 01:21:48,Erreape,Béveda de los antiguos de nivel 35-39
2026-03-03 01:22:16,Meginan,-Cripta épica de nivel 15
2026-03-03 01:22:34,MALVINA.,Cripta de nivel 5
2026-03-03 01:22:48,MALVINA.,Cripta de nivel 5
2026-03-03 01:23:03,Jhanau Kong,Cripta de nivel 5
2026-03-03 01:23:11,Jhanau Kong,Cripta de nivel 5
2026-03-03 01:23:21,Meginan,-Cripta de nivel 20
2026-03-03 01:23:27,SisuskK.,Béveda de los antiguas de nivel 25-29
2026-03-03 01:23:31,Meginan,-Cripta de nivel 15
2026-03-03 01:23:35,Mojora,-Cripta de nivel 15
2026-03-03 01:23:41,Mojora,-Cripta de nivel 15
2026-03-03 01:23:47,Meginan,-Cripta de nivel 15
2026-03-03 01:23:52,Meginan,-Cripta de nivel 15
2026-03-03 01:23:57,Findanel,Cripta de nivel 10
2026-03-03 01:24:01,Findanel,Cripta de nivel 10
2026-03-03 01:24:05,Findanel,Cripta de nivel 5
2026-03-03 01:24:13,Erreape,Béveda de los antiguos de nivel 20-24
2026-03-03 01:24:17,Erreape,Béveda de los antiguos de nivel 20-24
2026-03-03 01:24:24,Meginan,-Cripta de nivel 15
2026-03-03 01:24:29,Findanel,Cripta de nivel 5
2026-03-03 01:24:34,soulei970,Béveda de los antiguos de nivel 25-29
2026-03-03 01:24:38,Findanel,Cripta de nivel 10
2026-03-03 01:24:42,Ares,Cripta de nivel 10
2026-03-03 01:24:46,Findanel,Cripta de nivel 10
2026-03-03 01:24:50,Ares,Cripta de nivel 15
2026-03-03 01:24:54,Ares,Cripta épica de nivel 20
2026-03-03 01:25:01,ASTERIA,"Recompensa personal de ""Unién del triunfo"""
2026-03-03 01:25:06,ASTERIA,"Recompensa personal de ""Unién del triunfo"""
2026-03-03 01:25:10,ASTERIA,"Recompensa personal de ""Unién del triunfo"""
2026-03-03 01:25:15,ASTERIA,"Recompensa personal de ""Unién del triunfo"""
2026-03-03 01:25:19,ASTERIA,"Recompensa personal de ""Unién del triunfo"""
2026-03-03 01:25:23,the lion,Cripta de nivel 20
2026-03-03 01:25:27,Moprel,-Cripta de nivel 20
2026-03-03 01:25:34,manuelhh,Cripta de nivel 10
2026-03-03 01:25:38,Moprel,"Cripta de nivel 15,"
2026-03-03 01:25:43,manuelhh,Cripta épica de nivel 20
2026-03-03 01:25:51,Davatoloco,Cripta épica de nivel 20
2026-03-03 01:25:57,manuelhh,Cripta épica de nivel 20
2026-03-03 01:26:01,Davatoloco,Cripta de nivel 20
2026-03-03 01:26:05,manuelhh,Cripta rara de nivel10
2026-03-03 01:26:10,soulei970,Béveda de los antiguos de nivel 20-24
2026-03-03 01:26:14,manuelhh,Monstruo heroica de nivel 16
2026-03-03 01:26:18,the lion,Cripta de nivel 20
2026-03-03 01:26:22,the lion,Cripta de nivel 15
2026-03-03 01:26:27,Kari,Cripta de nivel 20
2026-03-03 01:26:31,the lion,Cripta rara de nivel10
2026-03-03 01:26:36,Kari,Cripta de nivel 10
2026-03-03 01:26:40,the lion,Cripta rara de nivel10
2026-03-03 01:26:46,Kari,Cripta de nivel 10
2026-03-03 01:26:50,Kari,Cripta de nivel 15
2026-03-03 01:26:54,the lion,Cripta de nivel 10
2026-03-03 01:27:00,soulei970,Béveda de los antiguos de nivel 25-29
2026-03-03 01:27:04,Kari,Cripta de nivel 15
2026-03-03 01:27:09,the lion,Cripta de nivel 15
2026-03-03 01:27:13,Davatoloco,Cripta de nivel 20
2026-03-03 01:27:17,Kari,Cripta de nivel 15
2026-03-03 01:27:24,Kari,Cripta de nivel 10
2026-03-03 01:27:29,Davatoloco,Cripta de nivel 20
2026-03-03 01:27:35,Kari,Cripta de nivel 10
2026-03-03 01:27:39,Davatoloco,Cripta de nivel 20
2026-03-03 01:27:44,Davatoloco,Cripta de nivel 15
2026-03-03 01:27:51,Kari,Cripta de nivel 15
2026-03-03 01:27:54,Davatoloco,Cripta de nivel 20
2026-03-03 01:27:59,Kari,Cripta de nivel 10
2026-03-03 01:28:04,Kari,Cripta de nivel 10
2026-03-03 01:28:10,Burilen,Béveda de los antiguas de nivel 25-29
2026-03-03 01:28:14,RASKLE,Cripta de nivel 10
2026-03-03 01:28:18,RASKLE,Cripta de nivel 5
2026-03-03 01:28:24,RASKLE,Cripta de nivel 15
2026-03-03 01:28:27,RASKLE,Cripta de nivel 15
2026-03-03 01:28:35,RASKLE,Cripta de nivel 10
2026-03-03 01:28:39,RASKLE,Cripta de nivel 10
2026-03-03 01:28:42,RASKLE,Cripta de nivel 10
2026-03-03 01:28:47,Boy Name.,Cripta épica de nivel 20
2026-03-03 01:28:51,SisuskK.,Ciudadela de nivel 20
2026-03-03 01:28:55,Boy Name.,Cripta rara de nivel 15
2026-03-03 01:28:59,Boy Name.,-Cripta de nivel 5
2026-03-03 01:29:08,Boy Name.,Cripta de nivel 15
2026-03-03 01:29:14,Boy Name.,Cripta de nivel 10
2026-03-03 01:29:18,Boy Name.,Cripta de nivel 10
2026-03-03 01:29:22,Boy Name.,Cripta de nivel 15
2026-03-03 01:29:28,Boy Name.,-Cripta épica de nivel 15
2026-03-03 01:29:32,Boy Name.,-Cripta de nivel 5
2026-03-03 01:29:38,Boy Name.,Cripta de nivel 15
2026-03-03 01:29:42,Boy Name.,Cripta de nivel 10
2026-03-03 01:29:46,SisuskK.,Ciudadela de nivel 20
2026-03-03 01:29:51,SisuskK.,Ciudadela de nivel 20
2026-03-03 01:29:55,SisuskK.,Monstruo heroica de nivel 17
2026-03-03 01:29:59,SisuskK.,Monstruo heroica de nivel 18
2026-03-03 01:30:06,SisuskK.,Béveda de los antiguas de nivel 25-29
2026-03-03 01:30:13,SisuskK.,Béveda de los antiguas de nivel 25-29
2026-03-03 01:30:18,SisuskK.,Béveda de los antiguas de nivel 25-29
2026-03-03 01:30:22,SisuskK.,Cripta de nivel 20
2026-03-03 01:30:29,SisuskK.,Cripta de nivel 10
2026-03-03 01:30:35,Stitch,Cripta de nivel 10
2026-03-03 01:30:41,Cogamand,“Cripta de nivel 20
2026-03-03 01:30:51,Stitch,Ciudadela de nivel 15
2026-03-03 01:30:57,Stitch,Ciudadela de nivel 15
2026-03-03 01:31:02,Stitch,Ciudadela de nivel 15
2026-03-03 01:31:08,Jhanau Kong,Cripta de nivel 5
2026-03-03 01:31:14,Jhanau Kong,Cripta de nivel 5
2026-03-03 01:31:20,Jhanau Kong,Cripta de nivel 5
2026-03-03 01:31:25,Stitch,Ciudadela de nivel 15
2026-03-03 01:31:31,Stitch,Cripta rara de nivel 15
2026-03-03 01:31:35,Stitch,Cripta épica de nivel 15
2026-03-03 01:31:41,Jhanau Kong,Cripta de nivel 5
2026-03-03 01:31:47,Jhanau Kong,Cripta de nivel 5
2026-03-03 01:31:54,Jhanau Kong,Cripta de nivel 5
2026-03-03 01:31:58,Daidal,Cripta de nivel 10
2026-03-03 01:32:04,Daidal,Cripta de nivel 5
2026-03-03 01:32:08,Ben Xander,Cripta de nivel 15
2026-03-03 01:32:13,Daidal,Cripta de nivel 5
2026-03-03 01:32:18,Ben Xander,Cripta de nivel 15
2026-03-03 01:32:21,Daidal,Cripta de nivel 10
2026-03-03 01:32:27,Ben Xander,Cripta de nivel 15
2026-03-03 01:32:31,Ben Xander,Cripta de nivel 15
2026-03-03 01:32:36,Daidal,Cripta de nivel 10
2026-03-03 01:32:43,Daidal,Cripta de nivel 5
2026-03-03 01:32:48,Daidal,Cripta de nivel 5
2026-03-03 01:32:52,Daidal,Cripta de nivel 10
2026-03-03 01:32:56,Daidal,Cripta de nivel 5
2026-03-03 01:33:00,Daidal,Cripta de nivel 5
2026-03-03 01:33:04,Moprel,-Cripta de nivel 20
2026-03-03 01:33:09,Moprel,-Cripta épica de nivel 20
2026-03-03 01:33:14,Daidal,Cripta de nivel 5
2026-03-03 01:33:20,Moprel,-Cripta épica de nivel 20
2026-03-03 01:33:25,Boy Name.,Riqueza del clan
2026-03-03 01:33:32,Boy Name.,Riqueza del clan
2026-03-03 01:33:37,Boy Name.,Riqueza del clan
2026-03-03 01:33:41,Boy Name.,Riqueza del clan
2026-03-03 01:33:46,Boy Name.,Cripta épica de nivel 20
2026-03-03 01:33:49,Moprel,-Cripta épica de nivel 20
2026-03-03 01:33:54,Boy Name.,Cripta de nivel 15
2026-03-03 01:33:58,Boy Name.,Cripta de nivel 10
2026-03-03 01:34:03,Daidal,Cripta de nivel 10
2026-03-03 01:34:07,Daidal,Cripta de nivel 5
2026-03-03 01:34:13,Moprel,-Cripta épica de nivel 20
2026-03-03 01:34:17,Daidal,Cripta de nivel 5
2026-03-03 01:34:21,Boy Name.,-Cripta de nivel 20
2026-03-03 01:34:25,Moprel,-Cripta rara de nivel 15
2026-03-03 01:34:31,Boy Name.,Cripta de nivel 10
2026-03-03 01:34:36,Boy Name.,Cripta de nivel 10
2026-03-03 01:34:41,Moprel,"Cripta de nivel 15,"
2026-03-03 01:34:45,Boy Name.,Cripta rara de nivel 15
2026-03-03 01:34:49,Boy Name.,-Cripta rara de nivel 10
2026-03-03 01:34:53,Boy Name.,-Cripta rara de nivel 10
2026-03-03 01:34:57,Moprel,-Cripta rara de nivel 20
2026-03-03 01:35:02,Boy Name.,-Cripta rara de nivel 10
2026-03-03 01:35:06,Boy Name.,-Cripta rara de nivel 10
2026-03-03 01:35:11,Boy Name.,-Cripta rara de nivel 20
2026-03-03 01:35:15,Daidal,Cripta de nivel 5
2026-03-03 01:35:20,Daidal,Cripta de nivel 5
2026-03-03 01:35:23,Daidal,Cripta de nivel 10
2026-03-03 01:35:28,RASKLE,Cripta de nivel 15
2026-03-03 01:35:33,berrygoblina.,Cripta de nivel 20
2026-03-03 01:35:37,Boy Name.,Ciudadela de nivel 25
2026-03-03 01:35:43,RASKLE,Cripta de nivel 10
2026-03-03 01:35:46,RASKLE,Cripta de nivel 10
2026-03-03 01:35:50,RASKLE,Cripta de nivel 5
2026-03-03 01:35:55,SPARTACUS,Cripta de nivel 5
2026-03-03 01:36:01,SPARTACUS,Cripta de nivel 5
2026-03-03 01:36:05,SPARTACUS,Cripta de nivel 5
2026-03-03 01:36:10,SPARTACUS,Cripta de nivel 5
2026-03-03 01:36:18,SPARTACUS,Cripta de nivel 20
2026-03-03 01:36:22,SPARTACUS,Cripta de nivel 15
2026-03-03 01:36:27,SPARTACUS,Cripta de nivel 15
2026-03-03 01:36:31,SPARTACUS,Cripta de nivel 5
2026-03-03 01:36:36,SPARTACUS,Cripta de nivel 10
2026-03-03 01:36:40,Lordriel,Cripta de nivel 20
2026-03-03 01:36:44,Lordriel,Cripta de nivel 20
2026-03-03 01:36:49,SPARTACUS,Cripta de nivel 15
2026-03-03 01:36:53,SPARTACUS,Cripta de nivel 15
2026-03-03 01:36:58,Lordriel,Cripta de nivel 25
2026-03-03 01:37:02,SPARTACUS,Cripta de nivel 20
2026-03-03 01:37:06,SPARTACUS,Béveda de los antiguas de nivel 25-29
2026-03-03 01:37:10,Lordriel,Cripta de nivel 25
2026-03-03 01:37:14,Lordriel,Cripta de nivel 15
2026-03-03 01:37:18,Lordriel,Cripta de nivel 20
2026-03-03 01:37:22,SPARTACUS,Cripta de nivel 5
2026-03-03 01:37:26,Lordriel,Cripta de nivel 20
2026-03-03 01:37:32,Lordriel,Ciudadela de nivel 20
2026-03-03 01:37:36,Lordriel,Ciudadela de nivel 20
2026-03-03 01:37:41,Lordriel,Ciudadela de nivel 20
2026-03-03 01:37:45,Lilo,Cripta de nivel 15
2026-03-03 01:37:50,Lilo,Cripta de nivel 10
2026-03-03 01:37:55,Lordriel,Ciudadela de nivel 20
2026-03-03 01:38:00,SPARTACUS,"Recompensa personal de ""Unién del triunfo"""
2026-03-03 01:38:04,SPARTACUS,"Recompensa personal de ""Unién del triunfo"""
2026-03-03 01:38:08,SPARTACUS,"Recompensa personal de ""Unién del triunfo"""
2026-03-03 01:38:13,Lordriel,Cripta rara de nivel10
2026-03-03 01:38:17,Lilo,Cripta de nivel 15
2026-03-03 01:38:23,Lordriel,Cripta rara de nivel 20
2026-03-03 01:38:27,Lordriel,Cripta rara de nivel 20
2026-03-03 01:38:31,SPARTACUS,Béveda de los antiguas de nivel 20-24
2026-03-03 01:38:36,Lordriel,Cripta rara de nivel10
2026-03-03 01:38:41,Lordriel,Cripta rara de nivel10
2026-03-03 01:38:44,Lordriel,Cripta rara de nivel 15
2026-03-03 01:38:49,Lordriel,Cripta rara de nivel 15
2026-03-03 01:38:54,BuenSolonius,Cripta de nivel 10
2026-03-03 01:38:58,BuenSolonius,Cripta de nivel 10
2026-03-03 01:39:02,Lordriel,Cripta rara de nivel 15
2026-03-03 01:39:06,BuenSolonius,Cripta de nivel 15
2026-03-03 01:39:11,BuenSolonius,Cripta de nivel 5
2026-03-03 01:39:15,Mared,Cripta de nivel 5
2026-03-03 01:39:19,Yime,Cripta de nivel 25
2026-03-03 01:39:23,Yime,Cripta de nivel 25
2026-03-03 01:39:28,Mojora,"-Recompensa personal de “Unién del triunfo"""
2026-03-03 01:39:32,Mojora,"-Recompensa personal de “Unién del triunfo"""
2026-03-03 01:39:37,Mojora,"-Recompensa personal de “Unién del triunfo"""
2026-03-03 01:39:43,Mojora,"-Recompensa personal de “Unién del triunfo"""
2026-03-03 01:39:52,Mojora,"-Recompensa personal de “Unién del triunfo"""
2026-03-03 01:39:57,Mojora,"-Recompensa personal de “Unién del triunfo"""
2026-03-03 01:40:01,Mared,Cripta de nivel 5
2026-03-03 01:40:05,BuenSolonius,Cripta de nivel 15
2026-03-03 01:40:11,BuenSolonius,Cripta de nivel 10
2026-03-03 01:40:16,BuenSolonius,Cripta de nivel 10
2026-03-03 01:40:20,BuenSolonius,Cripta de nivel 10
2026-03-03 01:40:24,BuenSolonius,Cripta de nivel 10
2026-03-03 01:40:27,BuenSolonius,Cripta de nivel 5
2026-03-03 01:40:31,BuenSolonius,Cripta de nivel 5
2026-03-03 01:40:37,Malorius,Cripta épica de nivel 15
2026-03-03 01:40:42,BuenSolonius,Cripta de nivel 15
2026-03-03 01:40:47,Malorius,Cripta épica de nivel 15
2026-03-03 01:40:51,BuenSolonius,Ciudadela de nivel 10
2026-03-03 01:40:55,Malorius,Cripta de nivel 10
2026-03-03 01:41:01,‘eznudel,Cripta de nivel 10
2026-03-03 01:41:05,‘eznudel,Cripta de nivel 10
2026-03-03 01:41:11,‘eznudel,-Cripta de nivel 15
2026-03-03 01:41:15,Dacely,-Cripta de nivel 15
2026-03-03 01:41:19,Dacely,-Béveda de los antiguas de nivel 30-34
2026-03-03 01:41:24,Durea,Cripta de nivel 5
2026-03-03 01:41:28,Durea,Cripta de nivel 5
2026-03-03 01:41:32,Durea,Cripta de nivel 5
